customer_id,city,card_type,age_band
CUST0000,Delhi,Silver,18-25
CUST0001,Mumbai,Silver,26-35
CUST0002,Chennai,Gold,36-45
CUST0003,Kolkata,Platinum,46-55
CUST0004,Pune,Silver,56plus
CUST0005,Jaipur,Silver,18-25
CUST0006,Kochi,Gold,26-35
CUST0007,Surat,Platinum,36-45
CUST0008,Indore,Silver,46-55
CUST0009,Patna,Silver,56plus
CUST0010,Delhi,Gold,18-25
CUST0011,Mumbai,Platinum,26-35
CUST0012,Chennai,Silver,36-45
CUST0013,Kolkata,Silver,46-55
CUST0014,Pune,Gold,56plus
CUST0015,Jaipur,Platinum,18-25
CUST0016,Kochi,Silver,26-35
CUST0017,Surat,Silver,36-45
CUST0018,Indore,Gold,46-55
CUST0019,Patna,Platinum,56plus
CUST0020,Delhi,Silver,18-25
CUST0021,Mumbai,Silver,26-35
CUST0022,Chennai,Gold,36-45
CUST0023,Kolkata,Platinum,46-55
CUST0024,Pune,Silver,56plus
CUST0025,Jaipur,Silver,18-25
CUST0026,Kochi,Gold,26-35
CUST0027,Surat,Platinum,36-45
CUST0028,Indore,Silver,46-55
CUST0029,Patna,Silver,56plus
CUST0030,Delhi,Gold,18-25
CUST0031,Mumbai,Platinum,26-35
CUST0032,Chennai,Silver,36-45
CUST0033,Kolkata,Silver,46-55
CUST0034,Pune,Gold,56plus
CUST0035,Jaipur,Platinum,18-25
CUST0036,Kochi,Silver,26-35
CUST0037,Surat,Silver,36-45
CUST0038,Indore,Gold,46-55
CUST0039,Patna,Platinum,56plus
CUST0040,Delhi,Silver,18-25
CUST0041,Mumbai,Silver,26-35
CUST0042,Chennai,Gold,36-45
CUST0043,Kolkata,Platinum,46-55
CUST0044,Pune,Silver,56plus
CUST0045,Jaipur,Silver,18-25
CUST0046,Kochi,Gold,26-35
CUST0047,Surat,Platinum,36-45
CUST0048,Indore,Silver,46-55
CUST0049,Patna,Silver,56plus
CUST0050,Delhi,Gold,18-25
CUST0051,Mumbai,Platinum,26-35
CUST0052,Chennai,Silver,36-45
CUST0053,Kolkata,Silver,46-55
CUST0054,Pune,Gold,56plus
CUST0055,Jaipur,Platinum,18-25
CUST0056,Kochi,Silver,26-35
CUST0057,Surat,Silver,36-45
CUST0058,Indore,Gold,46-55
CUST0059,Patna,Platinum,56plus
CUST0060,Delhi,Silver,18-25
CUST0061,Mumbai,Silver,26-35
CUST0062,Chennai,Gold,36-45
CUST0063,Kolkata,Platinum,46-55
CUST0064,Pune,Silver,56plus
CUST0065,Jaipur,Silver,18-25
CUST0066,Kochi,Gold,26-35
CUST0067,Surat,Platinum,36-45
CUST0068,Indore,Silver,46-55
CUST0069,Patna,Silver,56plus
CUST0070,Delhi,Gold,18-25
CUST0071,Mumbai,Platinum,26-35
CUST0072,Chennai,Silver,36-45
CUST0073,Kolkata,Silver,46-55
CUST0074,Pune,Gold,56plus
CUST0075,Jaipur,Platinum,18-25
CUST0076,Kochi,Silver,26-35
CUST0077,Surat,Silver,36-45
CUST0078,Indore,Gold,46-55
CUST0079,Patna,Platinum,56plus
CUST0080,Delhi,Silver,18-25
CUST0081,Mumbai,Silver,26-35
CUST0082,Chennai,Gold,36-45
CUST0083,Kolkata,Platinum,46-55
CUST0084,Pune,Silver,56plus
CUST0085,Jaipur,Silver,18-25
CUST0086,Kochi,Gold,26-35
CUST0087,Surat,Platinum,36-45
CUST0088,Indore,Silver,46-55
CUST0089,Patna,Silver,56plus
CUST0090,Delhi,Gold,18-25
CUST0091,Mumbai,Platinum,26-35
CUST0092,Chennai,Silver,36-45
CUST0093,Kolkata,Silver,46-55
CUST0094,Pune,Gold,56plus
CUST0095,Jaipur,Platinum,18-25
CUST0096,Kochi,Silver,26-35
CUST0097,Surat,Silver,36-45
CUST0098,Indore,Gold,46-55
CUST0099,Patna,Platinum,56plus
CUST0100,Delhi,Silver,18-25
CUST0101,Mumbai,Silver,26-35
CUST0102,Chennai,Gold,36-45
CUST0103,Kolkata,Platinum,46-55
CUST0104,Pune,Silver,56plus
CUST0105,Jaipur,Silver,18-25
CUST0106,Kochi,Gold,26-35
CUST0107,Surat,Platinum,36-45
CUST0108,Indore,Silver,46-55
CUST0109,Patna,Silver,56plus
CUST0110,Delhi,Gold,18-25
CUST0111,Mumbai,Platinum,26-35
CUST0112,Chennai,Silver,36-45
CUST0113,Kolkata,Silver,46-55
CUST0114,Pune,Gold,56plus
CUST0115,Jaipur,Platinum,18-25
CUST0116,Kochi,Silver,26-35
CUST0117,Surat,Silver,36-45
CUST0118,Indore,Gold,46-55
CUST0119,Patna,Platinum,56plus
CUST0120,Delhi,Silver,18-25
CUST0121,Mumbai,Silver,26-35
CUST0122,Chennai,Gold,36-45
CUST0123,Kolkata,Platinum,46-55
CUST0124,Pune,Silver,56plus
CUST0125,Jaipur,Silver,18-25
CUST0126,Kochi,Gold,26-35
CUST0127,Surat,Platinum,36-45
CUST0128,Indore,Silver,46-55
CUST0129,Patna,Silver,56plus
CUST0130,Delhi,Gold,18-25
CUST0131,Mumbai,Platinum,26-35
CUST0132,Chennai,Silver,36-45
CUST0133,Kolkata,Silver,46-55
CUST0134,Pune,Gold,56plus
CUST0135,Jaipur,Platinum,18-25
CUST0136,Kochi,Silver,26-35
CUST0137,Surat,Silver,36-45
CUST0138,Indore,Gold,46-55
CUST0139,Patna,Platinum,56plus
CUST0140,Delhi,Silver,18-25
CUST0141,Mumbai,Silver,26-35
CUST0142,Chennai,Gold,36-45
CUST0143,Kolkata,Platinum,46-55
CUST0144,Pune,Silver,56plus
CUST0145,Jaipur,Silver,18-25
CUST0146,Kochi,Gold,26-35
CUST0147,Surat,Platinum,36-45
CUST0148,Indore,Silver,46-55
CUST0149,Patna,Silver,56plus
CUST0150,Delhi,Gold,18-25
CUST0151,Mumbai,Platinum,26-35
CUST0152,Chennai,Silver,36-45
CUST0153,Kolkata,Silver,46-55
CUST0154,Pune,Gold,56plus
CUST0155,Jaipur,Platinum,18-25
CUST0156,Kochi,Silver,26-35
CUST0157,Surat,Silver,36-45
CUST0158,Indore,Gold,46-55
CUST0159,Patna,Platinum,56plus
CUST0160,Delhi,Silver,18-25
CUST0161,Mumbai,Silver,26-35
CUST0162,Chennai,Gold,36-45
CUST0163,Kolkata,Platinum,46-55
CUST0164,Pune,Silver,56plus
CUST0165,Jaipur,Silver,18-25
CUST0166,Kochi,Gold,26-35
CUST0167,Surat,Platinum,36-45
CUST0168,Indore,Silver,46-55
CUST0169,Patna,Silver,56plus
CUST0170,Delhi,Gold,18-25
CUST0171,Mumbai,Platinum,26-35
CUST0172,Chennai,Silver,36-45
CUST0173,Kolkata,Silver,46-55
CUST0174,Pune,Gold,56plus
CUST0175,Jaipur,Platinum,18-25
CUST0176,Kochi,Silver,26-35
CUST0177,Surat,Silver,36-45
CUST0178,Indore,Gold,46-55
CUST0179,Patna,Platinum,56plus
CUST0180,Delhi,Silver,18-25
CUST0181,Mumbai,Silver,26-35
CUST0182,Chennai,Gold,36-45
CUST0183,Kolkata,Platinum,46-55
CUST0184,Pune,Silver,56plus
CUST0185,Jaipur,Silver,18-25
CUST0186,Kochi,Gold,26-35
CUST0187,Surat,Platinum,36-45
CUST0188,Indore,Silver,46-55
CUST0189,Patna,Silver,56plus
CUST0190,Delhi,Gold,18-25
CUST0191,Mumbai,Platinum,26-35
CUST0192,Chennai,Silver,36-45
CUST0193,Kolkata,Silver,46-55
CUST0194,Pune,Gold,56plus
CUST0195,Jaipur,Platinum,18-25
CUST0196,Kochi,Silver,26-35
CUST0197,Surat,Silver,36-45
CUST0198,Indore,Gold,46-55
CUST0199,Patna,Platinum,56plus
CUST0200,Delhi,Silver,18-25
CUST0201,Mumbai,Silver,26-35
CUST0202,Chennai,Gold,36-45
CUST0203,Kolkata,Platinum,46-55
CUST0204,Pune,Silver,56plus
CUST0205,Jaipur,Silver,18-25
CUST0206,Kochi,Gold,26-35
CUST0207,Surat,Platinum,36-45
CUST0208,Indore,Silver,46-55
CUST0209,Patna,Silver,56plus
CUST0210,Delhi,Gold,18-25
CUST0211,Mumbai,Platinum,26-35
CUST0212,Chennai,Silver,36-45
CUST0213,Kolkata,Silver,46-55
CUST0214,Pune,Gold,56plus
CUST0215,Jaipur,Platinum,18-25
CUST0216,Kochi,Silver,26-35
CUST0217,Surat,Silver,36-45
CUST0218,Indore,Gold,46-55
CUST0219,Patna,Platinum,56plus
CUST0220,Delhi,Silver,18-25
CUST0221,Mumbai,Silver,26-35
CUST0222,Chennai,Gold,36-45
CUST0223,Kolkata,Platinum,46-55
CUST0224,Pune,Silver,56plus
CUST0225,Jaipur,Silver,18-25
CUST0226,Kochi,Gold,26-35
CUST0227,Surat,Platinum,36-45
CUST0228,Indore,Silver,46-55
CUST0229,Patna,Silver,56plus
CUST0230,Delhi,Gold,18-25
CUST0231,Mumbai,Platinum,26-35
CUST0232,Chennai,Silver,36-45
CUST0233,Kolkata,Silver,46-55
CUST0234,Pune,Gold,56plus
CUST0235,Jaipur,Platinum,18-25
CUST0236,Kochi,Silver,26-35
CUST0237,Surat,Silver,36-45
CUST0238,Indore,Gold,46-55
CUST0239,Patna,Platinum,56plus
CUST0240,Delhi,Silver,18-25
CUST0241,Mumbai,Silver,26-35
CUST0242,Chennai,Gold,36-45
CUST0243,Kolkata,Platinum,46-55
CUST0244,Pune,Silver,56plus
CUST0245,Jaipur,Silver,18-25
CUST0246,Kochi,Gold,26-35
CUST0247,Surat,Platinum,36-45
CUST0248,Indore,Silver,46-55
CUST0249,Patna,Silver,56plus
CUST0250,Delhi,Gold,18-25
CUST0251,Mumbai,Platinum,26-35
CUST0252,Chennai,Silver,36-45
CUST0253,Kolkata,Silver,46-55
CUST0254,Pune,Gold,56plus
CUST0255,Jaipur,Platinum,18-25
CUST0256,Kochi,Silver,26-35
CUST0257,Surat,Silver,36-45
CUST0258,Indore,Gold,46-55
CUST0259,Patna,Platinum,56plus
CUST0260,Delhi,Silver,18-25
CUST0261,Mumbai,Silver,26-35
CUST0262,Chennai,Gold,36-45
CUST0263,Kolkata,Platinum,46-55
CUST0264,Pune,Silver,56plus
CUST0265,Jaipur,Silver,18-25
CUST0266,Kochi,Gold,26-35
CUST0267,Surat,Platinum,36-45
CUST0268,Indore,Silver,46-55
CUST0269,Patna,Silver,56plus
CUST0270,Delhi,Gold,18-25
CUST0271,Mumbai,Platinum,26-35
CUST0272,Chennai,Silver,36-45
CUST0273,Kolkata,Silver,46-55
CUST0274,Pune,Gold,56plus
CUST0275,Jaipur,Platinum,18-25
CUST0276,Kochi,Silver,26-35
CUST0277,Surat,Silver,36-45
CUST0278,Indore,Gold,46-55
CUST0279,Patna,Platinum,56plus
CUST0280,Delhi,Silver,18-25
CUST0281,Mumbai,Silver,26-35
CUST0282,Chennai,Gold,36-45
CUST0283,Kolkata,Platinum,46-55
CUST0284,Pune,Silver,56plus
CUST0285,Jaipur,Silver,18-25
CUST0286,Kochi,Gold,26-35
CUST0287,Surat,Platinum,36-45
CUST0288,Indore,Silver,46-55
CUST0289,Patna,Silver,56plus
CUST0290,Delhi,Gold,18-25
CUST0291,Mumbai,Platinum,26-35
CUST0292,Chennai,Silver,36-45
CUST0293,Kolkata,Silver,46-55
CUST0294,Pune,Gold,56plus
CUST0295,Jaipur,Platinum,18-25
CUST0296,Kochi,Silver,26-35
CUST0297,Surat,Silver,36-45
CUST0298,Indore,Gold,46-55
CUST0299,Patna,Platinum,56plus
CUST0300,Delhi,Silver,18-25
CUST0301,Mumbai,Silver,26-35
CUST0302,Chennai,Gold,36-45
CUST0303,Kolkata,Platinum,46-55
CUST0304,Pune,Silver,56plus
CUST0305,Jaipur,Silver,18-25
CUST0306,Kochi,Gold,26-35
CUST0307,Surat,Platinum,36-45
CUST0308,Indore,Silver,46-55
CUST0309,Patna,Silver,56plus
CUST0310,Delhi,Gold,18-25
CUST0311,Mumbai,Platinum,26-35
CUST0312,Chennai,Silver,36-45
CUST0313,Kolkata,Silver,46-55
CUST0314,Pune,Gold,56plus
CUST0315,Jaipur,Platinum,18-25
CUST0316,Kochi,Silver,26-35
CUST0317,Surat,Silver,36-45
CUST0318,Indore,Gold,46-55
CUST0319,Patna,Platinum,56plus
CUST0320,Delhi,Silver,18-25
CUST0321,Mumbai,Silver,26-35
CUST0322,Chennai,Gold,36-45
CUST0323,Kolkata,Platinum,46-55
CUST0324,Pune,Silver,56plus
CUST0325,Jaipur,Silver,18-25
CUST0326,Kochi,Gold,26-35
CUST0327,Surat,Platinum,36-45
CUST0328,Indore,Silver,46-55
CUST0329,Patna,Silver,56plus
CUST0330,Delhi,Gold,18-25
CUST0331,Mumbai,Platinum,26-35
CUST0332,Chennai,Silver,36-45
CUST0333,Kolkata,Silver,46-55
CUST0334,Pune,Gold,56plus
CUST0335,Jaipur,Platinum,18-25
CUST0336,Kochi,Silver,26-35
CUST0337,Surat,Silver,36-45
CUST0338,Indore,Gold,46-55
CUST0339,Patna,Platinum,56plus
CUST0340,Delhi,Silver,18-25
CUST0341,Mumbai,Silver,26-35
CUST0342,Chennai,Gold,36-45
CUST0343,Kolkata,Platinum,46-55
CUST0344,Pune,Silver,56plus
CUST0345,Jaipur,Silver,18-25
CUST0346,Kochi,Gold,26-35
CUST0347,Surat,Platinum,36-45
CUST0348,Indore,Silver,46-55
CUST0349,Patna,Silver,56plus
CUST0350,Delhi,Gold,18-25
CUST0351,Mumbai,Platinum,26-35
CUST0352,Chennai,Silver,36-45
CUST0353,Kolkata,Silver,46-55
CUST0354,Pune,Gold,56plus
CUST0355,Jaipur,Platinum,18-25
CUST0356,Kochi,Silver,26-35
CUST0357,Surat,Silver,36-45
CUST0358,Indore,Gold,46-55
CUST0359,Patna,Platinum,56plus
CUST0360,Delhi,Silver,18-25
CUST0361,Mumbai,Silver,26-35
CUST0362,Chennai,Gold,36-45
CUST0363,Kolkata,Platinum,46-55
CUST0364,Pune,Silver,56plus
CUST0365,Jaipur,Silver,18-25
CUST0366,Kochi,Gold,26-35
CUST0367,Surat,Platinum,36-45
CUST0368,Indore,Silver,46-55
CUST0369,Patna,Silver,56plus
CUST0370,Delhi,Gold,18-25
CUST0371,Mumbai,Platinum,26-35
CUST0372,Chennai,Silver,36-45
CUST0373,Kolkata,Silver,46-55
CUST0374,Pune,Gold,56plus
CUST0375,Jaipur,Platinum,18-25
CUST0376,Kochi,Silver,26-35
CUST0377,Surat,Silver,36-45
CUST0378,Indore,Gold,46-55
CUST0379,Patna,Platinum,56plus
CUST0380,Delhi,Silver,18-25
CUST0381,Mumbai,Silver,26-35
CUST0382,Chennai,Gold,36-45
CUST0383,Kolkata,Platinum,46-55
CUST0384,Pune,Silver,56plus
CUST0385,Jaipur,Silver,18-25
CUST0386,Kochi,Gold,26-35
CUST0387,Surat,Platinum,36-45
CUST0388,Indore,Silver,46-55
CUST0389,Patna,Silver,56plus
CUST0390,Delhi,Gold,18-25
CUST0391,Mumbai,Platinum,26-35
CUST0392,Chennai,Silver,36-45
CUST0393,Kolkata,Silver,46-55
CUST0394,Pune,Gold,56plus
CUST0395,Jaipur,Platinum,18-25
CUST0396,Kochi,Silver,26-35
CUST0397,Surat,Silver,36-45
CUST0398,Indore,Gold,46-55
CUST0399,Patna,Platinum,56plus
CUST0400,Delhi,Silver,18-25
CUST0401,Mumbai,Silver,26-35
CUST0402,Chennai,Gold,36-45
CUST0403,Kolkata,Platinum,46-55
CUST0404,Pune,Silver,56plus
CUST0405,Jaipur,Silver,18-25
CUST0406,Kochi,Gold,26-35
CUST0407,Surat,Platinum,36-45
CUST0408,Indore,Silver,46-55
CUST0409,Patna,Silver,56plus
CUST0410,Delhi,Gold,18-25
CUST0411,Mumbai,Platinum,26-35
CUST0412,Chennai,Silver,36-45
CUST0413,Kolkata,Silver,46-55
CUST0414,Pune,Gold,56plus
CUST0415,Jaipur,Platinum,18-25
CUST0416,Kochi,Silver,26-35
CUST0417,Surat,Silver,36-45
CUST0418,Indore,Gold,46-55
CUST0419,Patna,Platinum,56plus
CUST0420,Delhi,Silver,18-25
CUST0421,Mumbai,Silver,26-35
CUST0422,Chennai,Gold,36-45
CUST0423,Kolkata,Platinum,46-55
CUST0424,Pune,Silver,56plus
CUST0425,Jaipur,Silver,18-25
CUST0426,Kochi,Gold,26-35
CUST0427,Surat,Platinum,36-45
CUST0428,Indore,Silver,46-55
CUST0429,Patna,Silver,56plus
CUST0430,Delhi,Gold,18-25
CUST0431,Mumbai,Platinum,26-35
CUST0432,Chennai,Silver,36-45
CUST0433,Kolkata,Silver,46-55
CUST0434,Pune,Gold,56plus
CUST0435,Jaipur,Platinum,18-25
CUST0436,Kochi,Silver,26-35
CUST0437,Surat,Silver,36-45
CUST0438,Indore,Gold,46-55
CUST0439,Patna,Platinum,56plus
CUST0440,Delhi,Silver,18-25
CUST0441,Mumbai,Silver,26-35
CUST0442,Chennai,Gold,36-45
CUST0443,Kolkata,Platinum,46-55
CUST0444,Pune,Silver,56plus
CUST0445,Jaipur,Silver,18-25
CUST0446,Kochi,Gold,26-35
CUST0447,Surat,Platinum,36-45
CUST0448,Indore,Silver,46-55
CUST0449,Patna,Silver,56plus
CUST0450,Delhi,Gold,18-25
CUST0451,Mumbai,Platinum,26-35
CUST0452,Chennai,Silver,36-45
CUST0453,Kolkata,Silver,46-55
CUST0454,Pune,Gold,56plus
CUST0455,Jaipur,Platinum,18-25
CUST0456,Kochi,Silver,26-35
CUST0457,Surat,Silver,36-45
CUST0458,Indore,Gold,46-55
CUST0459,Patna,Platinum,56plus
CUST0460,Delhi,Silver,18-25
CUST0461,Mumbai,Silver,26-35
CUST0462,Chennai,Gold,36-45
CUST0463,Kolkata,Platinum,46-55
CUST0464,Pune,Silver,56plus
CUST0465,Jaipur,Silver,18-25
CUST0466,Kochi,Gold,26-35
CUST0467,Surat,Platinum,36-45
CUST0468,Indore,Silver,46-55
CUST0469,Patna,Silver,56plus
CUST0470,Delhi,Gold,18-25
CUST0471,Mumbai,Platinum,26-35
CUST0472,Chennai,Silver,36-45
CUST0473,Kolkata,Silver,46-55
CUST0474,Pune,Gold,56plus
CUST0475,Jaipur,Platinum,18-25
CUST0476,Kochi,Silver,26-35
CUST0477,Surat,Silver,36-45
CUST0478,Indore,Gold,46-55
CUST0479,Patna,Platinum,56plus
CUST0480,Delhi,Silver,18-25
CUST0481,Mumbai,Silver,26-35
CUST0482,Chennai,Gold,36-45
CUST0483,Kolkata,Platinum,46-55
CUST0484,Pune,Silver,56plus
CUST0485,Jaipur,Silver,18-25
CUST0486,Kochi,Gold,26-35
CUST0487,Surat,Platinum,36-45
CUST0488,Indore,Silver,46-55
CUST0489,Patna,Silver,56plus
CUST0490,Delhi,Gold,18-25
CUST0491,Mumbai,Platinum,26-35
CUST0492,Chennai,Silver,36-45
CUST0493,Kolkata,Silver,46-55
CUST0494,Pune,Gold,56plus
CUST0495,Jaipur,Platinum,18-25
CUST0496,Kochi,Silver,26-35
CUST0497,Surat,Silver,36-45
CUST0498,Indore,Gold,46-55
CUST0499,Patna,Platinum,56plus
CUST0500,Delhi,Silver,18-25
CUST0501,Mumbai,Silver,26-35
CUST0502,Chennai,Gold,36-45
CUST0503,Kolkata,Platinum,46-55
CUST0504,Pune,Silver,56plus
CUST0505,Jaipur,Silver,18-25
CUST0506,Kochi,Gold,26-35
CUST0507,Surat,Platinum,36-45
CUST0508,Indore,Silver,46-55
CUST0509,Patna,Silver,56plus
CUST0510,Delhi,Gold,18-25
CUST0511,Mumbai,Platinum,26-35
CUST0512,Chennai,Silver,36-45
CUST0513,Kolkata,Silver,46-55
CUST0514,Pune,Gold,56plus
CUST0515,Jaipur,Platinum,18-25
CUST0516,Kochi,Silver,26-35
CUST0517,Surat,Silver,36-45
CUST0518,Indore,Gold,46-55
CUST0519,Patna,Platinum,56plus
CUST0520,Delhi,Silver,18-25
CUST0521,Mumbai,Silver,26-35
CUST0522,Chennai,Gold,36-45
CUST0523,Kolkata,Platinum,46-55
CUST0524,Pune,Silver,56plus
CUST0525,Jaipur,Silver,18-25
CUST0526,Kochi,Gold,26-35
CUST0527,Surat,Platinum,36-45
CUST0528,Indore,Silver,46-55
CUST0529,Patna,Silver,56plus
CUST0530,Delhi,Gold,18-25
CUST0531,Mumbai,Platinum,26-35
CUST0532,Chennai,Silver,36-45
CUST0533,Kolkata,Silver,46-55
CUST0534,Pune,Gold,56plus
CUST0535,Jaipur,Platinum,18-25
CUST0536,Kochi,Silver,26-35
CUST0537,Surat,Silver,36-45
CUST0538,Indore,Gold,46-55
CUST0539,Patna,Platinum,56plus
CUST0540,Delhi,Silver,18-25
CUST0541,Mumbai,Silver,26-35
CUST0542,Chennai,Gold,36-45
CUST0543,Kolkata,Platinum,46-55
CUST0544,Pune,Silver,56plus
CUST0545,Jaipur,Silver,18-25
CUST0546,Kochi,Gold,26-35
CUST0547,Surat,Platinum,36-45
CUST0548,Indore,Silver,46-55
CUST0549,Patna,Silver,56plus
CUST0550,Delhi,Gold,18-25
CUST0551,Mumbai,Platinum,26-35
CUST0552,Chennai,Silver,36-45
CUST0553,Kolkata,Silver,46-55
CUST0554,Pune,Gold,56plus
CUST0555,Jaipur,Platinum,18-25
CUST0556,Kochi,Silver,26-35
CUST0557,Surat,Silver,36-45
CUST0558,Indore,Gold,46-55
CUST0559,Patna,Platinum,56plus
CUST0560,Delhi,Silver,18-25
CUST0561,Mumbai,Silver,26-35
CUST0562,Chennai,Gold,36-45
CUST0563,Kolkata,Platinum,46-55
CUST0564,Pune,Silver,56plus
CUST0565,Jaipur,Silver,18-25
CUST0566,Kochi,Gold,26-35
CUST0567,Surat,Platinum,36-45
CUST0568,Indore,Silver,46-55
CUST0569,Patna,Silver,56plus
CUST0570,Delhi,Gold,18-25
CUST0571,Mumbai,Platinum,26-35
CUST0572,Chennai,Silver,36-45
CUST0573,Kolkata,Silver,46-55
CUST0574,Pune,Gold,56plus
CUST0575,Jaipur,Platinum,18-25
CUST0576,Kochi,Silver,26-35
CUST0577,Surat,Silver,36-45
CUST0578,Indore,Gold,46-55
CUST0579,Patna,Platinum,56plus
CUST0580,Delhi,Silver,18-25
CUST0581,Mumbai,Silver,26-35
CUST0582,Chennai,Gold,36-45
CUST0583,Kolkata,Platinum,46-55
CUST0584,Pune,Silver,56plus
CUST0585,Jaipur,Silver,18-25
CUST0586,Kochi,Gold,26-35
CUST0587,Surat,Platinum,36-45
CUST0588,Indore,Silver,46-55
CUST0589,Patna,Silver,56plus
CUST0590,Delhi,Gold,18-25
CUST0591,Mumbai,Platinum,26-35
CUST0592,Chennai,Silver,36-45
CUST0593,Kolkata,Silver,46-55
CUST0594,Pune,Gold,56plus
CUST0595,Jaipur,Platinum,18-25
CUST0596,Kochi,Silver,26-35
CUST0597,Surat,Silver,36-45
CUST0598,Indore,Gold,46-55
CUST0599,Patna,Platinum,56plus
CUST0600,Delhi,Silver,18-25
CUST0601,Mumbai,Silver,26-35
CUST0602,Chennai,Gold,36-45
CUST0603,Kolkata,Platinum,46-55
CUST0604,Pune,Silver,56plus
CUST0605,Jaipur,Silver,18-25
CUST0606,Kochi,Gold,26-35
CUST0607,Surat,Platinum,36-45
CUST0608,Indore,Silver,46-55
CUST0609,Patna,Silver,56plus
CUST0610,Delhi,Gold,18-25
CUST0611,Mumbai,Platinum,26-35
CUST0612,Chennai,Silver,36-45
CUST0613,Kolkata,Silver,46-55
CUST0614,Pune,Gold,56plus
CUST0615,Jaipur,Platinum,18-25
CUST0616,Kochi,Silver,26-35
CUST0617,Surat,Silver,36-45
CUST0618,Indore,Gold,46-55
CUST0619,Patna,Platinum,56plus
CUST0620,Delhi,Silver,18-25
CUST0621,Mumbai,Silver,26-35
CUST0622,Chennai,Gold,36-45
CUST0623,Kolkata,Platinum,46-55
CUST0624,Pune,Silver,56plus
CUST0625,Jaipur,Silver,18-25
CUST0626,Kochi,Gold,26-35
CUST0627,Surat,Platinum,36-45
CUST0628,Indore,Silver,46-55
CUST0629,Patna,Silver,56plus
CUST0630,Delhi,Gold,18-25
CUST0631,Mumbai,Platinum,26-35
CUST0632,Chennai,Silver,36-45
CUST0633,Kolkata,Silver,46-55
CUST0634,Pune,Gold,56plus
CUST0635,Jaipur,Platinum,18-25
CUST0636,Kochi,Silver,26-35
CUST0637,Surat,Silver,36-45
CUST0638,Indore,Gold,46-55
CUST0639,Patna,Platinum,56plus
CUST0640,Delhi,Silver,18-25
CUST0641,Mumbai,Silver,26-35
CUST0642,Chennai,Gold,36-45
CUST0643,Kolkata,Platinum,46-55
CUST0644,Pune,Silver,56plus
CUST0645,Jaipur,Silver,18-25
CUST0646,Kochi,Gold,26-35
CUST0647,Surat,Platinum,36-45
CUST0648,Indore,Silver,46-55
CUST0649,Patna,Silver,56plus
CUST0650,Delhi,Gold,18-25
CUST0651,Mumbai,Platinum,26-35
CUST0652,Chennai,Silver,36-45
CUST0653,Kolkata,Silver,46-55
CUST0654,Pune,Gold,56plus
CUST0655,Jaipur,Platinum,18-25
CUST0656,Kochi,Silver,26-35
CUST0657,Surat,Silver,36-45
CUST0658,Indore,Gold,46-55
CUST0659,Patna,Platinum,56plus
CUST0660,Delhi,Silver,18-25
CUST0661,Mumbai,Silver,26-35
CUST0662,Chennai,Gold,36-45
CUST0663,Kolkata,Platinum,46-55
CUST0664,Pune,Silver,56plus
CUST0665,Jaipur,Silver,18-25
CUST0666,Kochi,Gold,26-35
CUST0667,Surat,Platinum,36-45
CUST0668,Indore,Silver,46-55
CUST0669,Patna,Silver,56plus
CUST0670,Delhi,Gold,18-25
CUST0671,Mumbai,Platinum,26-35
CUST0672,Chennai,Silver,36-45
CUST0673,Kolkata,Silver,46-55
CUST0674,Pune,Gold,56plus
CUST0675,Jaipur,Platinum,18-25
CUST0676,Kochi,Silver,26-35
CUST0677,Surat,Silver,36-45
CUST0678,Indore,Gold,46-55
CUST0679,Patna,Platinum,56plus
CUST0680,Delhi,Silver,18-25
CUST0681,Mumbai,Silver,26-35
CUST0682,Chennai,Gold,36-45
CUST0683,Kolkata,Platinum,46-55
CUST0684,Pune,Silver,56plus
CUST0685,Jaipur,Silver,18-25
CUST0686,Kochi,Gold,26-35
CUST0687,Surat,Platinum,36-45
CUST0688,Indore,Silver,46-55
CUST0689,Patna,Silver,56plus
CUST0690,Delhi,Gold,18-25
CUST0691,Mumbai,Platinum,26-35
CUST0692,Chennai,Silver,36-45
CUST0693,Kolkata,Silver,46-55
CUST0694,Pune,Gold,56plus
CUST0695,Jaipur,Platinum,18-25
CUST0696,Kochi,Silver,26-35
CUST0697,Surat,Silver,36-45
CUST0698,Indore,Gold,46-55
CUST0699,Patna,Platinum,56plus
CUST0700,Delhi,Silver,18-25
CUST0701,Mumbai,Silver,26-35
CUST0702,Chennai,Gold,36-45
CUST0703,Kolkata,Platinum,46-55
CUST0704,Pune,Silver,56plus
CUST0705,Jaipur,Silver,18-25
CUST0706,Kochi,Gold,26-35
CUST0707,Surat,Platinum,36-45
CUST0708,Indore,Silver,46-55
CUST0709,Patna,Silver,56plus
CUST0710,Delhi,Gold,18-25
CUST0711,Mumbai,Platinum,26-35
CUST0712,Chennai,Silver,36-45
CUST0713,Kolkata,Silver,46-55
CUST0714,Pune,Gold,56plus
CUST0715,Jaipur,Platinum,18-25
CUST0716,Kochi,Silver,26-35
CUST0717,Surat,Silver,36-45
CUST0718,Indore,Gold,46-55
CUST0719,Patna,Platinum,56plus
CUST0720,Delhi,Silver,18-25
CUST0721,Mumbai,Silver,26-35
CUST0722,Chennai,Gold,36-45
CUST0723,Kolkata,Platinum,46-55
CUST0724,Pune,Silver,56plus
CUST0725,Jaipur,Silver,18-25
CUST0726,Kochi,Gold,26-35
CUST0727,Surat,Platinum,36-45
CUST0728,Indore,Silver,46-55
CUST0729,Patna,Silver,56plus
CUST0730,Delhi,Gold,18-25
CUST0731,Mumbai,Platinum,26-35
CUST0732,Chennai,Silver,36-45
CUST0733,Kolkata,Silver,46-55
CUST0734,Pune,Gold,56plus
CUST0735,Jaipur,Platinum,18-25
CUST0736,Kochi,Silver,26-35
CUST0737,Surat,Silver,36-45
CUST0738,Indore,Gold,46-55
CUST0739,Patna,Platinum,56plus
CUST0740,Delhi,Silver,18-25
CUST0741,Mumbai,Silver,26-35
CUST0742,Chennai,Gold,36-45
CUST0743,Kolkata,Platinum,46-55
CUST0744,Pune,Silver,56plus
CUST0745,Jaipur,Silver,18-25
CUST0746,Kochi,Gold,26-35
CUST0747,Surat,Platinum,36-45
CUST0748,Indore,Silver,46-55
CUST0749,Patna,Silver,56plus
CUST0750,Delhi,Gold,18-25
CUST0751,Mumbai,Platinum,26-35
CUST0752,Chennai,Silver,36-45
CUST0753,Kolkata,Silver,46-55
CUST0754,Pune,Gold,56plus
CUST0755,Jaipur,Platinum,18-25
CUST0756,Kochi,Silver,26-35
CUST0757,Surat,Silver,36-45
CUST0758,Indore,Gold,46-55
CUST0759,Patna,Platinum,56plus
CUST0760,Delhi,Silver,18-25
CUST0761,Mumbai,Silver,26-35
CUST0762,Chennai,Gold,36-45
CUST0763,Kolkata,Platinum,46-55
CUST0764,Pune,Silver,56plus
CUST0765,Jaipur,Silver,18-25
CUST0766,Kochi,Gold,26-35
CUST0767,Surat,Platinum,36-45
CUST0768,Indore,Silver,46-55
CUST0769,Patna,Silver,56plus
CUST0770,Delhi,Gold,18-25
CUST0771,Mumbai,Platinum,26-35
CUST0772,Chennai,Silver,36-45
CUST0773,Kolkata,Silver,46-55
CUST0774,Pune,Gold,56plus
CUST0775,Jaipur,Platinum,18-25
CUST0776,Kochi,Silver,26-35
CUST0777,Surat,Silver,36-45
CUST0778,Indore,Gold,46-55
CUST0779,Patna,Platinum,56plus
CUST0780,Delhi,Silver,18-25
CUST0781,Mumbai,Silver,26-35
CUST0782,Chennai,Gold,36-45
CUST0783,Kolkata,Platinum,46-55
CUST0784,Pune,Silver,56plus
CUST0785,Jaipur,Silver,18-25
CUST0786,Kochi,Gold,26-35
CUST0787,Surat,Platinum,36-45
CUST0788,Indore,Silver,46-55
CUST0789,Patna,Silver,56plus
CUST0790,Delhi,Gold,18-25
CUST0791,Mumbai,Platinum,26-35
CUST0792,Chennai,Silver,36-45
CUST0793,Kolkata,Silver,46-55
CUST0794,Pune,Gold,56plus
CUST0795,Jaipur,Platinum,18-25
CUST0796,Kochi,Silver,26-35
CUST0797,Surat,Silver,36-45
CUST0798,Indore,Gold,46-55
CUST0799,Patna,Platinum,56plus
CUST0800,Delhi,Silver,18-25
CUST0801,Mumbai,Silver,26-35
CUST0802,Chennai,Gold,36-45
CUST0803,Kolkata,Platinum,46-55
CUST0804,Pune,Silver,56plus
CUST0805,Jaipur,Silver,18-25
CUST0806,Kochi,Gold,26-35
CUST0807,Surat,Platinum,36-45
CUST0808,Indore,Silver,46-55
CUST0809,Patna,Silver,56plus
CUST0810,Delhi,Gold,18-25
CUST0811,Mumbai,Platinum,26-35
CUST0812,Chennai,Silver,36-45
CUST0813,Kolkata,Silver,46-55
CUST0814,Pune,Gold,56plus
CUST0815,Jaipur,Platinum,18-25
CUST0816,Kochi,Silver,26-35
CUST0817,Surat,Silver,36-45
CUST0818,Indore,Gold,46-55
CUST0819,Patna,Platinum,56plus
CUST0820,Delhi,Silver,18-25
CUST0821,Mumbai,Silver,26-35
CUST0822,Chennai,Gold,36-45
CUST0823,Kolkata,Platinum,46-55
CUST0824,Pune,Silver,56plus
CUST0825,Jaipur,Silver,18-25
CUST0826,Kochi,Gold,26-35
CUST0827,Surat,Platinum,36-45
CUST0828,Indore,Silver,46-55
CUST0829,Patna,Silver,56plus
CUST0830,Delhi,Gold,18-25
CUST0831,Mumbai,Platinum,26-35
CUST0832,Chennai,Silver,36-45
CUST0833,Kolkata,Silver,46-55
CUST0834,Pune,Gold,56plus
CUST0835,Jaipur,Platinum,18-25
CUST0836,Kochi,Silver,26-35
CUST0837,Surat,Silver,36-45
CUST0838,Indore,Gold,46-55
CUST0839,Patna,Platinum,56plus
CUST0840,Delhi,Silver,18-25
CUST0841,Mumbai,Silver,26-35
CUST0842,Chennai,Gold,36-45
CUST0843,Kolkata,Platinum,46-55
CUST0844,Pune,Silver,56plus
CUST0845,Jaipur,Silver,18-25
CUST0846,Kochi,Gold,26-35
CUST0847,Surat,Platinum,36-45
CUST0848,Indore,Silver,46-55
CUST0849,Patna,Silver,56plus
CUST0850,Delhi,Gold,18-25
CUST0851,Mumbai,Platinum,26-35
CUST0852,Chennai,Silver,36-45
CUST0853,Kolkata,Silver,46-55
CUST0854,Pune,Gold,56plus
CUST0855,Jaipur,Platinum,18-25
CUST0856,Kochi,Silver,26-35
CUST0857,Surat,Silver,36-45
CUST0858,Indore,Gold,46-55
CUST0859,Patna,Platinum,56plus
CUST0860,Delhi,Silver,18-25
CUST0861,Mumbai,Silver,26-35
CUST0862,Chennai,Gold,36-45
CUST0863,Kolkata,Platinum,46-55
CUST0864,Pune,Silver,56plus
CUST0865,Jaipur,Silver,18-25
CUST0866,Kochi,Gold,26-35
CUST0867,Surat,Platinum,36-45
CUST0868,Indore,Silver,46-55
CUST0869,Patna,Silver,56plus
CUST0870,Delhi,Gold,18-25
CUST0871,Mumbai,Platinum,26-35
CUST0872,Chennai,Silver,36-45
CUST0873,Kolkata,Silver,46-55
CUST0874,Pune,Gold,56plus
CUST0875,Jaipur,Platinum,18-25
CUST0876,Kochi,Silver,26-35
CUST0877,Surat,Silver,36-45
CUST0878,Indore,Gold,46-55
CUST0879,Patna,Platinum,56plus
CUST0880,Delhi,Silver,18-25
CUST0881,Mumbai,Silver,26-35
CUST0882,Chennai,Gold,36-45
CUST0883,Kolkata,Platinum,46-55
CUST0884,Pune,Silver,56plus
CUST0885,Jaipur,Silver,18-25
CUST0886,Kochi,Gold,26-35
CUST0887,Surat,Platinum,36-45
CUST0888,Indore,Silver,46-55
CUST0889,Patna,Silver,56plus
CUST0890,Delhi,Gold,18-25
CUST0891,Mumbai,Platinum,26-35
CUST0892,Chennai,Silver,36-45
CUST0893,Kolkata,Silver,46-55
CUST0894,Pune,Gold,56plus
CUST0895,Jaipur,Platinum,18-25
CUST0896,Kochi,Silver,26-35
CUST0897,Surat,Silver,36-45
CUST0898,Indore,Gold,46-55
CUST0899,Patna,Platinum,56plus
CUST0900,Delhi,Silver,18-25
CUST0901,Mumbai,Silver,26-35
CUST0902,Chennai,Gold,36-45
CUST0903,Kolkata,Platinum,46-55
CUST0904,Pune,Silver,56plus
CUST0905,Jaipur,Silver,18-25
CUST0906,Kochi,Gold,26-35
CUST0907,Surat,Platinum,36-45
CUST0908,Indore,Silver,46-55
CUST0909,Patna,Silver,56plus
CUST0910,Delhi,Gold,18-25
CUST0911,Mumbai,Platinum,26-35
CUST0912,Chennai,Silver,36-45
CUST0913,Kolkata,Silver,46-55
CUST0914,Pune,Gold,56plus
CUST0915,Jaipur,Platinum,18-25
CUST0916,Kochi,Silver,26-35
CUST0917,Surat,Silver,36-45
CUST0918,Indore,Gold,46-55
CUST0919,Patna,Platinum,56plus
CUST0920,Delhi,Silver,18-25
CUST0921,Mumbai,Silver,26-35
CUST0922,Chennai,Gold,36-45
CUST0923,Kolkata,Platinum,46-55
CUST0924,Pune,Silver,56plus
CUST0925,Jaipur,Silver,18-25
CUST0926,Kochi,Gold,26-35
CUST0927,Surat,Platinum,36-45
CUST0928,Indore,Silver,46-55
CUST0929,Patna,Silver,56plus
CUST0930,Delhi,Gold,18-25
CUST0931,Mumbai,Platinum,26-35
CUST0932,Chennai,Silver,36-45
CUST0933,Kolkata,Silver,46-55
CUST0934,Pune,Gold,56plus
CUST0935,Jaipur,Platinum,18-25
CUST0936,Kochi,Silver,26-35
CUST0937,Surat,Silver,36-45
CUST0938,Indore,Gold,46-55
CUST0939,Patna,Platinum,56plus
CUST0940,Delhi,Silver,18-25
CUST0941,Mumbai,Silver,26-35
CUST0942,Chennai,Gold,36-45
CUST0943,Kolkata,Platinum,46-55
CUST0944,Pune,Silver,56plus
CUST0945,Jaipur,Silver,18-25
CUST0946,Kochi,Gold,26-35
CUST0947,Surat,Platinum,36-45
CUST0948,Indore,Silver,46-55
CUST0949,Patna,Silver,56plus
CUST0950,Delhi,Gold,18-25
CUST0951,Mumbai,Platinum,26-35
CUST0952,Chennai,Silver,36-45
CUST0953,Kolkata,Silver,46-55
CUST0954,Pune,Gold,56plus
CUST0955,Jaipur,Platinum,18-25
CUST0956,Kochi,Silver,26-35
CUST0957,Surat,Silver,36-45
CUST0958,Indore,Gold,46-55
CUST0959,Patna,Platinum,56plus
CUST0960,Delhi,Silver,18-25
CUST0961,Mumbai,Silver,26-35
CUST0962,Chennai,Gold,36-45
CUST0963,Kolkata,Platinum,46-55
CUST0964,Pune,Silver,56plus
CUST0965,Jaipur,Silver,18-25
CUST0966,Kochi,Gold,26-35
CUST0967,Surat,Platinum,36-45
CUST0968,Indore,Silver,46-55
CUST0969,Patna,Silver,56plus
CUST0970,Delhi,Gold,18-25
CUST0971,Mumbai,Platinum,26-35
CUST0972,Chennai,Silver,36-45
CUST0973,Kolkata,Silver,46-55
CUST0974,Pune,Gold,56plus
CUST0975,Jaipur,Platinum,18-25
CUST0976,Kochi,Silver,26-35
CUST0977,Surat,Silver,36-45
CUST0978,Indore,Gold,46-55
CUST0979,Patna,Platinum,56plus
CUST0980,Delhi,Silver,18-25
CUST0981,Mumbai,Silver,26-35
CUST0982,Chennai,Gold,36-45
CUST0983,Kolkata,Platinum,46-55
CUST0984,Pune,Silver,56plus
CUST0985,Jaipur,Silver,18-25
CUST0986,Kochi,Gold,26-35
CUST0987,Surat,Platinum,36-45
CUST0988,Indore,Silver,46-55
CUST0989,Patna,Silver,56plus
CUST0990,Delhi,Gold,18-25
CUST0991,Mumbai,Platinum,26-35
CUST0992,Chennai,Silver,36-45
CUST0993,Kolkata,Silver,46-55
CUST0994,Pune,Gold,56plus
CUST0995,Jaipur,Platinum,18-25
CUST0996,Kochi,Silver,26-35
CUST0997,Surat,Silver,36-45
CUST0998,Indore,Gold,46-55
CUST0999,Patna,Platinum,56plus
CUST1000,Delhi,Silver,18-25
CUST1001,Mumbai,Silver,26-35
CUST1002,Chennai,Gold,36-45
CUST1003,Kolkata,Platinum,46-55
CUST1004,Pune,Silver,56plus
CUST1005,Jaipur,Silver,18-25
CUST1006,Kochi,Gold,26-35
CUST1007,Surat,Platinum,36-45
CUST1008,Indore,Silver,46-55
CUST1009,Patna,Silver,56plus
CUST1010,Delhi,Gold,18-25
CUST1011,Mumbai,Platinum,26-35
CUST1012,Chennai,Silver,36-45
CUST1013,Kolkata,Silver,46-55
CUST1014,Pune,Gold,56plus
CUST1015,Jaipur,Platinum,18-25
CUST1016,Kochi,Silver,26-35
CUST1017,Surat,Silver,36-45
CUST1018,Indore,Gold,46-55
CUST1019,Patna,Platinum,56plus
CUST1020,Delhi,Silver,18-25
CUST1021,Mumbai,Silver,26-35
CUST1022,Chennai,Gold,36-45
CUST1023,Kolkata,Platinum,46-55
CUST1024,Pune,Silver,56plus
CUST1025,Jaipur,Silver,18-25
CUST1026,Kochi,Gold,26-35
CUST1027,Surat,Platinum,36-45
CUST1028,Indore,Silver,46-55
CUST1029,Patna,Silver,56plus
CUST1030,Delhi,Gold,18-25
CUST1031,Mumbai,Platinum,26-35
CUST1032,Chennai,Silver,36-45
CUST1033,Kolkata,Silver,46-55
CUST1034,Pune,Gold,56plus
CUST1035,Jaipur,Platinum,18-25
CUST1036,Kochi,Silver,26-35
CUST1037,Surat,Silver,36-45
CUST1038,Indore,Gold,46-55
CUST1039,Patna,Platinum,56plus
CUST1040,Delhi,Silver,18-25
CUST1041,Mumbai,Silver,26-35
CUST1042,Chennai,Gold,36-45
CUST1043,Kolkata,Platinum,46-55
CUST1044,Pune,Silver,56plus
CUST1045,Jaipur,Silver,18-25
CUST1046,Kochi,Gold,26-35
CUST1047,Surat,Platinum,36-45
CUST1048,Indore,Silver,46-55
CUST1049,Patna,Silver,56plus
CUST1050,Delhi,Gold,18-25
CUST1051,Mumbai,Platinum,26-35
CUST1052,Chennai,Silver,36-45
CUST1053,Kolkata,Silver,46-55
CUST1054,Pune,Gold,56plus
CUST1055,Jaipur,Platinum,18-25
CUST1056,Kochi,Silver,26-35
CUST1057,Surat,Silver,36-45
CUST1058,Indore,Gold,46-55
CUST1059,Patna,Platinum,56plus
CUST1060,Delhi,Silver,18-25
CUST1061,Mumbai,Silver,26-35
CUST1062,Chennai,Gold,36-45
CUST1063,Kolkata,Platinum,46-55
CUST1064,Pune,Silver,56plus
CUST1065,Jaipur,Silver,18-25
CUST1066,Kochi,Gold,26-35
CUST1067,Surat,Platinum,36-45
CUST1068,Indore,Silver,46-55
CUST1069,Patna,Silver,56plus
CUST1070,Delhi,Gold,18-25
CUST1071,Mumbai,Platinum,26-35
CUST1072,Chennai,Silver,36-45
CUST1073,Kolkata,Silver,46-55
CUST1074,Pune,Gold,56plus
CUST1075,Jaipur,Platinum,18-25
CUST1076,Kochi,Silver,26-35
CUST1077,Surat,Silver,36-45
CUST1078,Indore,Gold,46-55
CUST1079,Patna,Platinum,56plus
CUST1080,Delhi,Silver,18-25
CUST1081,Mumbai,Silver,26-35
CUST1082,Chennai,Gold,36-45
CUST1083,Kolkata,Platinum,46-55
CUST1084,Pune,Silver,56plus
CUST1085,Jaipur,Silver,18-25
CUST1086,Kochi,Gold,26-35
CUST1087,Surat,Platinum,36-45
CUST1088,Indore,Silver,46-55
CUST1089,Patna,Silver,56plus
CUST1090,Delhi,Gold,18-25
CUST1091,Mumbai,Platinum,26-35
CUST1092,Chennai,Silver,36-45
CUST1093,Kolkata,Silver,46-55
CUST1094,Pune,Gold,56plus
CUST1095,Jaipur,Platinum,18-25
CUST1096,Kochi,Silver,26-35
CUST1097,Surat,Silver,36-45
CUST1098,Indore,Gold,46-55
CUST1099,Patna,Platinum,56plus
CUST1100,Delhi,Silver,18-25
CUST1101,Mumbai,Silver,26-35
CUST1102,Chennai,Gold,36-45
CUST1103,Kolkata,Platinum,46-55
CUST1104,Pune,Silver,56plus
CUST1105,Jaipur,Silver,18-25
CUST1106,Kochi,Gold,26-35
CUST1107,Surat,Platinum,36-45
CUST1108,Indore,Silver,46-55
CUST1109,Patna,Silver,56plus
CUST1110,Delhi,Gold,18-25
CUST1111,Mumbai,Platinum,26-35
CUST1112,Chennai,Silver,36-45
CUST1113,Kolkata,Silver,46-55
CUST1114,Pune,Gold,56plus
CUST1115,Jaipur,Platinum,18-25
CUST1116,Kochi,Silver,26-35
CUST1117,Surat,Silver,36-45
CUST1118,Indore,Gold,46-55
CUST1119,Patna,Platinum,56plus
CUST1120,Delhi,Silver,18-25
CUST1121,Mumbai,Silver,26-35
CUST1122,Chennai,Gold,36-45
CUST1123,Kolkata,Platinum,46-55
CUST1124,Pune,Silver,56plus
CUST1125,Jaipur,Silver,18-25
CUST1126,Kochi,Gold,26-35
CUST1127,Surat,Platinum,36-45
CUST1128,Indore,Silver,46-55
CUST1129,Patna,Silver,56plus
CUST1130,Delhi,Gold,18-25
CUST1131,Mumbai,Platinum,26-35
CUST1132,Chennai,Silver,36-45
CUST1133,Kolkata,Silver,46-55
CUST1134,Pune,Gold,56plus
CUST1135,Jaipur,Platinum,18-25
CUST1136,Kochi,Silver,26-35
CUST1137,Surat,Silver,36-45
CUST1138,Indore,Gold,46-55
CUST1139,Patna,Platinum,56plus
CUST1140,Delhi,Silver,18-25
CUST1141,Mumbai,Silver,26-35
CUST1142,Chennai,Gold,36-45
CUST1143,Kolkata,Platinum,46-55
CUST1144,Pune,Silver,56plus
CUST1145,Jaipur,Silver,18-25
CUST1146,Kochi,Gold,26-35
CUST1147,Surat,Platinum,36-45
CUST1148,Indore,Silver,46-55
CUST1149,Patna,Silver,56plus
CUST1150,Delhi,Gold,18-25
CUST1151,Mumbai,Platinum,26-35
CUST1152,Chennai,Silver,36-45
CUST1153,Kolkata,Silver,46-55
CUST1154,Pune,Gold,56plus
CUST1155,Jaipur,Platinum,18-25
CUST1156,Kochi,Silver,26-35
CUST1157,Surat,Silver,36-45
CUST1158,Indore,Gold,46-55
CUST1159,Patna,Platinum,56plus
CUST1160,Delhi,Silver,18-25
CUST1161,Mumbai,Silver,26-35
CUST1162,Chennai,Gold,36-45
CUST1163,Kolkata,Platinum,46-55
CUST1164,Pune,Silver,56plus
CUST1165,Jaipur,Silver,18-25
CUST1166,Kochi,Gold,26-35
CUST1167,Surat,Platinum,36-45
CUST1168,Indore,Silver,46-55
CUST1169,Patna,Silver,56plus
CUST1170,Delhi,Gold,18-25
CUST1171,Mumbai,Platinum,26-35
CUST1172,Chennai,Silver,36-45
CUST1173,Kolkata,Silver,46-55
CUST1174,Pune,Gold,56plus
CUST1175,Jaipur,Platinum,18-25
CUST1176,Kochi,Silver,26-35
CUST1177,Surat,Silver,36-45
CUST1178,Indore,Gold,46-55
CUST1179,Patna,Platinum,56plus
CUST1180,Delhi,Silver,18-25
CUST1181,Mumbai,Silver,26-35
CUST1182,Chennai,Gold,36-45
CUST1183,Kolkata,Platinum,46-55
CUST1184,Pune,Silver,56plus
CUST1185,Jaipur,Silver,18-25
CUST1186,Kochi,Gold,26-35
CUST1187,Surat,Platinum,36-45
CUST1188,Indore,Silver,46-55
CUST1189,Patna,Silver,56plus
CUST1190,Delhi,Gold,18-25
CUST1191,Mumbai,Platinum,26-35
CUST1192,Chennai,Silver,36-45
CUST1193,Kolkata,Silver,46-55
CUST1194,Pune,Gold,56plus
CUST1195,Jaipur,Platinum,18-25
CUST1196,Kochi,Silver,26-35
CUST1197,Surat,Silver,36-45
CUST1198,Indore,Gold,46-55
CUST1199,Patna,Platinum,56plus
CUST1200,Delhi,Silver,18-25
CUST1201,Mumbai,Silver,26-35
CUST1202,Chennai,Gold,36-45
CUST1203,Kolkata,Platinum,46-55
CUST1204,Pune,Silver,56plus
CUST1205,Jaipur,Silver,18-25
CUST1206,Kochi,Gold,26-35
CUST1207,Surat,Platinum,36-45
CUST1208,Indore,Silver,46-55
CUST1209,Patna,Silver,56plus
CUST1210,Delhi,Gold,18-25
CUST1211,Mumbai,Platinum,26-35
CUST1212,Chennai,Silver,36-45
CUST1213,Kolkata,Silver,46-55
CUST1214,Pune,Gold,56plus
CUST1215,Jaipur,Platinum,18-25
CUST1216,Kochi,Silver,26-35
CUST1217,Surat,Silver,36-45
CUST1218,Indore,Gold,46-55
CUST1219,Patna,Platinum,56plus
CUST1220,Delhi,Silver,18-25
CUST1221,Mumbai,Silver,26-35
CUST1222,Chennai,Gold,36-45
CUST1223,Kolkata,Platinum,46-55
CUST1224,Pune,Silver,56plus
CUST1225,Jaipur,Silver,18-25
CUST1226,Kochi,Gold,26-35
CUST1227,Surat,Platinum,36-45
CUST1228,Indore,Silver,46-55
CUST1229,Patna,Silver,56plus
CUST1230,Delhi,Gold,18-25
CUST1231,Mumbai,Platinum,26-35
CUST1232,Chennai,Silver,36-45
CUST1233,Kolkata,Silver,46-55
CUST1234,Pune,Gold,56plus
CUST1235,Jaipur,Platinum,18-25
CUST1236,Kochi,Silver,26-35
CUST1237,Surat,Silver,36-45
CUST1238,Indore,Gold,46-55
CUST1239,Patna,Platinum,56plus
CUST1240,Delhi,Silver,18-25
CUST1241,Mumbai,Silver,26-35
CUST1242,Chennai,Gold,36-45
CUST1243,Kolkata,Platinum,46-55
CUST1244,Pune,Silver,56plus
CUST1245,Jaipur,Silver,18-25
CUST1246,Kochi,Gold,26-35
CUST1247,Surat,Platinum,36-45
CUST1248,Indore,Silver,46-55
CUST1249,Patna,Silver,56plus
CUST1250,Delhi,Gold,18-25
CUST1251,Mumbai,Platinum,26-35
CUST1252,Chennai,Silver,36-45
CUST1253,Kolkata,Silver,46-55
CUST1254,Pune,Gold,56plus
CUST1255,Jaipur,Platinum,18-25
CUST1256,Kochi,Silver,26-35
CUST1257,Surat,Silver,36-45
CUST1258,Indore,Gold,46-55
CUST1259,Patna,Platinum,56plus
CUST1260,Delhi,Silver,18-25
CUST1261,Mumbai,Silver,26-35
CUST1262,Chennai,Gold,36-45
CUST1263,Kolkata,Platinum,46-55
CUST1264,Pune,Silver,56plus
CUST1265,Jaipur,Silver,18-25
CUST1266,Kochi,Gold,26-35
CUST1267,Surat,Platinum,36-45
CUST1268,Indore,Silver,46-55
CUST1269,Patna,Silver,56plus
CUST1270,Delhi,Gold,18-25
CUST1271,Mumbai,Platinum,26-35
CUST1272,Chennai,Silver,36-45
CUST1273,Kolkata,Silver,46-55
CUST1274,Pune,Gold,56plus
CUST1275,Jaipur,Platinum,18-25
CUST1276,Kochi,Silver,26-35
CUST1277,Surat,Silver,36-45
CUST1278,Indore,Gold,46-55
CUST1279,Patna,Platinum,56plus
CUST1280,Delhi,Silver,18-25
CUST1281,Mumbai,Silver,26-35
CUST1282,Chennai,Gold,36-45
CUST1283,Kolkata,Platinum,46-55
CUST1284,Pune,Silver,56plus
CUST1285,Jaipur,Silver,18-25
CUST1286,Kochi,Gold,26-35
CUST1287,Surat,Platinum,36-45
CUST1288,Indore,Silver,46-55
CUST1289,Patna,Silver,56plus
CUST1290,Delhi,Gold,18-25
CUST1291,Mumbai,Platinum,26-35
CUST1292,Chennai,Silver,36-45
CUST1293,Kolkata,Silver,46-55
CUST1294,Pune,Gold,56plus
CUST1295,Jaipur,Platinum,18-25
CUST1296,Kochi,Silver,26-35
CUST1297,Surat,Silver,36-45
CUST1298,Indore,Gold,46-55
CUST1299,Patna,Platinum,56plus
CUST1300,Delhi,Silver,18-25
CUST1301,Mumbai,Silver,26-35
CUST1302,Chennai,Gold,36-45
CUST1303,Kolkata,Platinum,46-55
CUST1304,Pune,Silver,56plus
CUST1305,Jaipur,Silver,18-25
CUST1306,Kochi,Gold,26-35
CUST1307,Surat,Platinum,36-45
CUST1308,Indore,Silver,46-55
CUST1309,Patna,Silver,56plus
CUST1310,Delhi,Gold,18-25
CUST1311,Mumbai,Platinum,26-35
CUST1312,Chennai,Silver,36-45
CUST1313,Kolkata,Silver,46-55
CUST1314,Pune,Gold,56plus
CUST1315,Jaipur,Platinum,18-25
CUST1316,Kochi,Silver,26-35
CUST1317,Surat,Silver,36-45
CUST1318,Indore,Gold,46-55
CUST1319,Patna,Platinum,56plus
CUST1320,Delhi,Silver,18-25
CUST1321,Mumbai,Silver,26-35
CUST1322,Chennai,Gold,36-45
CUST1323,Kolkata,Platinum,46-55
CUST1324,Pune,Silver,56plus
CUST1325,Jaipur,Silver,18-25
CUST1326,Kochi,Gold,26-35
CUST1327,Surat,Platinum,36-45
CUST1328,Indore,Silver,46-55
CUST1329,Patna,Silver,56plus
CUST1330,Delhi,Gold,18-25
CUST1331,Mumbai,Platinum,26-35
CUST1332,Chennai,Silver,36-45
CUST1333,Kolkata,Silver,46-55
CUST1334,Pune,Gold,56plus
CUST1335,Jaipur,Platinum,18-25
CUST1336,Kochi,Silver,26-35
CUST1337,Surat,Silver,36-45
CUST1338,Indore,Gold,46-55
CUST1339,Patna,Platinum,56plus
CUST1340,Delhi,Silver,18-25
CUST1341,Mumbai,Silver,26-35
CUST1342,Chennai,Gold,36-45
CUST1343,Kolkata,Platinum,46-55
CUST1344,Pune,Silver,56plus
CUST1345,Jaipur,Silver,18-25
CUST1346,Kochi,Gold,26-35
CUST1347,Surat,Platinum,36-45
CUST1348,Indore,Silver,46-55
CUST1349,Patna,Silver,56plus
CUST1350,Delhi,Gold,18-25
CUST1351,Mumbai,Platinum,26-35
CUST1352,Chennai,Silver,36-45
CUST1353,Kolkata,Silver,46-55
CUST1354,Pune,Gold,56plus
CUST1355,Jaipur,Platinum,18-25
CUST1356,Kochi,Silver,26-35
CUST1357,Surat,Silver,36-45
CUST1358,Indore,Gold,46-55
CUST1359,Patna,Platinum,56plus
CUST1360,Delhi,Silver,18-25
CUST1361,Mumbai,Silver,26-35
CUST1362,Chennai,Gold,36-45
CUST1363,Kolkata,Platinum,46-55
CUST1364,Pune,Silver,56plus
CUST1365,Jaipur,Silver,18-25
CUST1366,Kochi,Gold,26-35
CUST1367,Surat,Platinum,36-45
CUST1368,Indore,Silver,46-55
CUST1369,Patna,Silver,56plus
CUST1370,Delhi,Gold,18-25
CUST1371,Mumbai,Platinum,26-35
CUST1372,Chennai,Silver,36-45
CUST1373,Kolkata,Silver,46-55
CUST1374,Pune,Gold,56plus
CUST1375,Jaipur,Platinum,18-25
CUST1376,Kochi,Silver,26-35
CUST1377,Surat,Silver,36-45
CUST1378,Indore,Gold,46-55
CUST1379,Patna,Platinum,56plus
CUST1380,Delhi,Silver,18-25
CUST1381,Mumbai,Silver,26-35
CUST1382,Chennai,Gold,36-45
CUST1383,Kolkata,Platinum,46-55
CUST1384,Pune,Silver,56plus
CUST1385,Jaipur,Silver,18-25
CUST1386,Kochi,Gold,26-35
CUST1387,Surat,Platinum,36-45
CUST1388,Indore,Silver,46-55
CUST1389,Patna,Silver,56plus
CUST1390,Delhi,Gold,18-25
CUST1391,Mumbai,Platinum,26-35
CUST1392,Chennai,Silver,36-45
CUST1393,Kolkata,Silver,46-55
CUST1394,Pune,Gold,56plus
CUST1395,Jaipur,Platinum,18-25
CUST1396,Kochi,Silver,26-35
CUST1397,Surat,Silver,36-45
CUST1398,Indore,Gold,46-55
CUST1399,Patna,Platinum,56plus
CUST1400,Delhi,Silver,18-25
CUST1401,Mumbai,Silver,26-35
CUST1402,Chennai,Gold,36-45
CUST1403,Kolkata,Platinum,46-55
CUST1404,Pune,Silver,56plus
CUST1405,Jaipur,Silver,18-25
CUST1406,Kochi,Gold,26-35
CUST1407,Surat,Platinum,36-45
CUST1408,Indore,Silver,46-55
CUST1409,Patna,Silver,56plus
CUST1410,Delhi,Gold,18-25
CUST1411,Mumbai,Platinum,26-35
CUST1412,Chennai,Silver,36-45
CUST1413,Kolkata,Silver,46-55
CUST1414,Pune,Gold,56plus
CUST1415,Jaipur,Platinum,18-25
CUST1416,Kochi,Silver,26-35
CUST1417,Surat,Silver,36-45
CUST1418,Indore,Gold,46-55
CUST1419,Patna,Platinum,56plus
CUST1420,Delhi,Silver,18-25
CUST1421,Mumbai,Silver,26-35
CUST1422,Chennai,Gold,36-45
CUST1423,Kolkata,Platinum,46-55
CUST1424,Pune,Silver,56plus
CUST1425,Jaipur,Silver,18-25
CUST1426,Kochi,Gold,26-35
CUST1427,Surat,Platinum,36-45
CUST1428,Indore,Silver,46-55
CUST1429,Patna,Silver,56plus
CUST1430,Delhi,Gold,18-25
CUST1431,Mumbai,Platinum,26-35
CUST1432,Chennai,Silver,36-45
CUST1433,Kolkata,Silver,46-55
CUST1434,Pune,Gold,56plus
CUST1435,Jaipur,Platinum,18-25
CUST1436,Kochi,Silver,26-35
CUST1437,Surat,Silver,36-45
CUST1438,Indore,Gold,46-55
CUST1439,Patna,Platinum,56plus
CUST1440,Delhi,Silver,18-25
CUST1441,Mumbai,Silver,26-35
CUST1442,Chennai,Gold,36-45
CUST1443,Kolkata,Platinum,46-55
CUST1444,Pune,Silver,56plus
CUST1445,Jaipur,Silver,18-25
CUST1446,Kochi,Gold,26-35
CUST1447,Surat,Platinum,36-45
CUST1448,Indore,Silver,46-55
CUST1449,Patna,Silver,56plus
CUST1450,Delhi,Gold,18-25
CUST1451,Mumbai,Platinum,26-35
CUST1452,Chennai,Silver,36-45
CUST1453,Kolkata,Silver,46-55
CUST1454,Pune,Gold,56plus
CUST1455,Jaipur,Platinum,18-25
CUST1456,Kochi,Silver,26-35
CUST1457,Surat,Silver,36-45
CUST1458,Indore,Gold,46-55
CUST1459,Patna,Platinum,56plus
CUST1460,Delhi,Silver,18-25
CUST1461,Mumbai,Silver,26-35
CUST1462,Chennai,Gold,36-45
CUST1463,Kolkata,Platinum,46-55
CUST1464,Pune,Silver,56plus
CUST1465,Jaipur,Silver,18-25
CUST1466,Kochi,Gold,26-35
CUST1467,Surat,Platinum,36-45
CUST1468,Indore,Silver,46-55
CUST1469,Patna,Silver,56plus
CUST1470,Delhi,Gold,18-25
CUST1471,Mumbai,Platinum,26-35
CUST1472,Chennai,Silver,36-45
CUST1473,Kolkata,Silver,46-55
CUST1474,Pune,Gold,56plus
CUST1475,Jaipur,Platinum,18-25
CUST1476,Kochi,Silver,26-35
CUST1477,Surat,Silver,36-45
CUST1478,Indore,Gold,46-55
CUST1479,Patna,Platinum,56plus
CUST1480,Delhi,Silver,18-25
CUST1481,Mumbai,Silver,26-35
CUST1482,Chennai,Gold,36-45
CUST1483,Kolkata,Platinum,46-55
CUST1484,Pune,Silver,56plus
CUST1485,Jaipur,Silver,18-25
CUST1486,Kochi,Gold,26-35
CUST1487,Surat,Platinum,36-45
CUST1488,Indore,Silver,46-55
CUST1489,Patna,Silver,56plus
CUST1490,Delhi,Gold,18-25
CUST1491,Mumbai,Platinum,26-35
CUST1492,Chennai,Silver,36-45
CUST1493,Kolkata,Silver,46-55
CUST1494,Pune,Gold,56plus
CUST1495,Jaipur,Platinum,18-25
CUST1496,Kochi,Silver,26-35
CUST1497,Surat,Silver,36-45
CUST1498,Indore,Gold,46-55
CUST1499,Patna,Platinum,56plus
CUST1500,Delhi,Silver,18-25
CUST1501,Mumbai,Silver,26-35
CUST1502,Chennai,Gold,36-45
CUST1503,Kolkata,Platinum,46-55
CUST1504,Pune,Silver,56plus
CUST1505,Jaipur,Silver,18-25
CUST1506,Kochi,Gold,26-35
CUST1507,Surat,Platinum,36-45
CUST1508,Indore,Silver,46-55
CUST1509,Patna,Silver,56plus
CUST1510,Delhi,Gold,18-25
CUST1511,Mumbai,Platinum,26-35
CUST1512,Chennai,Silver,36-45
CUST1513,Kolkata,Silver,46-55
CUST1514,Pune,Gold,56plus
CUST1515,Jaipur,Platinum,18-25
CUST1516,Kochi,Silver,26-35
CUST1517,Surat,Silver,36-45
CUST1518,Indore,Gold,46-55
CUST1519,Patna,Platinum,56plus
CUST1520,Delhi,Silver,18-25
CUST1521,Mumbai,Silver,26-35
CUST1522,Chennai,Gold,36-45
CUST1523,Kolkata,Platinum,46-55
CUST1524,Pune,Silver,56plus
CUST1525,Jaipur,Silver,18-25
CUST1526,Kochi,Gold,26-35
CUST1527,Surat,Platinum,36-45
CUST1528,Indore,Silver,46-55
CUST1529,Patna,Silver,56plus
CUST1530,Delhi,Gold,18-25
CUST1531,Mumbai,Platinum,26-35
CUST1532,Chennai,Silver,36-45
CUST1533,Kolkata,Silver,46-55
CUST1534,Pune,Gold,56plus
CUST1535,Jaipur,Platinum,18-25
CUST1536,Kochi,Silver,26-35
CUST1537,Surat,Silver,36-45
CUST1538,Indore,Gold,46-55
CUST1539,Patna,Platinum,56plus
CUST1540,Delhi,Silver,18-25
CUST1541,Mumbai,Silver,26-35
CUST1542,Chennai,Gold,36-45
CUST1543,Kolkata,Platinum,46-55
CUST1544,Pune,Silver,56plus
CUST1545,Jaipur,Silver,18-25
CUST1546,Kochi,Gold,26-35
CUST1547,Surat,Platinum,36-45
CUST1548,Indore,Silver,46-55
CUST1549,Patna,Silver,56plus
CUST1550,Delhi,Gold,18-25
CUST1551,Mumbai,Platinum,26-35
CUST1552,Chennai,Silver,36-45
CUST1553,Kolkata,Silver,46-55
CUST1554,Pune,Gold,56plus
CUST1555,Jaipur,Platinum,18-25
CUST1556,Kochi,Silver,26-35
CUST1557,Surat,Silver,36-45
CUST1558,Indore,Gold,46-55
CUST1559,Patna,Platinum,56plus
CUST1560,Delhi,Silver,18-25
CUST1561,Mumbai,Silver,26-35
CUST1562,Chennai,Gold,36-45
CUST1563,Kolkata,Platinum,46-55
CUST1564,Pune,Silver,56plus
CUST1565,Jaipur,Silver,18-25
CUST1566,Kochi,Gold,26-35
CUST1567,Surat,Platinum,36-45
CUST1568,Indore,Silver,46-55
CUST1569,Patna,Silver,56plus
CUST1570,Delhi,Gold,18-25
CUST1571,Mumbai,Platinum,26-35
CUST1572,Chennai,Silver,36-45
CUST1573,Kolkata,Silver,46-55
CUST1574,Pune,Gold,56plus
CUST1575,Jaipur,Platinum,18-25
CUST1576,Kochi,Silver,26-35
CUST1577,Surat,Silver,36-45
CUST1578,Indore,Gold,46-55
CUST1579,Patna,Platinum,56plus
CUST1580,Delhi,Silver,18-25
CUST1581,Mumbai,Silver,26-35
CUST1582,Chennai,Gold,36-45
CUST1583,Kolkata,Platinum,46-55
CUST1584,Pune,Silver,56plus
CUST1585,Jaipur,Silver,18-25
CUST1586,Kochi,Gold,26-35
CUST1587,Surat,Platinum,36-45
CUST1588,Indore,Silver,46-55
CUST1589,Patna,Silver,56plus
CUST1590,Delhi,Gold,18-25
CUST1591,Mumbai,Platinum,26-35
CUST1592,Chennai,Silver,36-45
CUST1593,Kolkata,Silver,46-55
CUST1594,Pune,Gold,56plus
CUST1595,Jaipur,Platinum,18-25
CUST1596,Kochi,Silver,26-35
CUST1597,Surat,Silver,36-45
CUST1598,Indore,Gold,46-55
CUST1599,Patna,Platinum,56plus
CUST1600,Delhi,Silver,18-25
CUST1601,Mumbai,Silver,26-35
CUST1602,Chennai,Gold,36-45
CUST1603,Kolkata,Platinum,46-55
CUST1604,Pune,Silver,56plus
CUST1605,Jaipur,Silver,18-25
CUST1606,Kochi,Gold,26-35
CUST1607,Surat,Platinum,36-45
CUST1608,Indore,Silver,46-55
CUST1609,Patna,Silver,56plus
CUST1610,Delhi,Gold,18-25
CUST1611,Mumbai,Platinum,26-35
CUST1612,Chennai,Silver,36-45
CUST1613,Kolkata,Silver,46-55
CUST1614,Pune,Gold,56plus
CUST1615,Jaipur,Platinum,18-25
CUST1616,Kochi,Silver,26-35
CUST1617,Surat,Silver,36-45
CUST1618,Indore,Gold,46-55
CUST1619,Patna,Platinum,56plus
CUST1620,Delhi,Silver,18-25
CUST1621,Mumbai,Silver,26-35
CUST1622,Chennai,Gold,36-45
CUST1623,Kolkata,Platinum,46-55
CUST1624,Pune,Silver,56plus
CUST1625,Jaipur,Silver,18-25
CUST1626,Kochi,Gold,26-35
CUST1627,Surat,Platinum,36-45
CUST1628,Indore,Silver,46-55
CUST1629,Patna,Silver,56plus
CUST1630,Delhi,Gold,18-25
CUST1631,Mumbai,Platinum,26-35
CUST1632,Chennai,Silver,36-45
CUST1633,Kolkata,Silver,46-55
CUST1634,Pune,Gold,56plus
CUST1635,Jaipur,Platinum,18-25
CUST1636,Kochi,Silver,26-35
CUST1637,Surat,Silver,36-45
CUST1638,Indore,Gold,46-55
CUST1639,Patna,Platinum,56plus
CUST1640,Delhi,Silver,18-25
CUST1641,Mumbai,Silver,26-35
CUST1642,Chennai,Gold,36-45
CUST1643,Kolkata,Platinum,46-55
CUST1644,Pune,Silver,56plus
CUST1645,Jaipur,Silver,18-25
CUST1646,Kochi,Gold,26-35
CUST1647,Surat,Platinum,36-45
CUST1648,Indore,Silver,46-55
CUST1649,Patna,Silver,56plus
CUST1650,Delhi,Gold,18-25
CUST1651,Mumbai,Platinum,26-35
CUST1652,Chennai,Silver,36-45
CUST1653,Kolkata,Silver,46-55
CUST1654,Pune,Gold,56plus
CUST1655,Jaipur,Platinum,18-25
CUST1656,Kochi,Silver,26-35
CUST1657,Surat,Silver,36-45
CUST1658,Indore,Gold,46-55
CUST1659,Patna,Platinum,56plus
CUST1660,Delhi,Silver,18-25
CUST1661,Mumbai,Silver,26-35
CUST1662,Chennai,Gold,36-45
CUST1663,Kolkata,Platinum,46-55
CUST1664,Pune,Silver,56plus
CUST1665,Jaipur,Silver,18-25
CUST1666,Kochi,Gold,26-35
CUST1667,Surat,Platinum,36-45
CUST1668,Indore,Silver,46-55
CUST1669,Patna,Silver,56plus
CUST1670,Delhi,Gold,18-25
CUST1671,Mumbai,Platinum,26-35
CUST1672,Chennai,Silver,36-45
CUST1673,Kolkata,Silver,46-55
CUST1674,Pune,Gold,56plus
CUST1675,Jaipur,Platinum,18-25
CUST1676,Kochi,Silver,26-35
CUST1677,Surat,Silver,36-45
CUST1678,Indore,Gold,46-55
CUST1679,Patna,Platinum,56plus
CUST1680,Delhi,Silver,18-25
CUST1681,Mumbai,Silver,26-35
CUST1682,Chennai,Gold,36-45
CUST1683,Kolkata,Platinum,46-55
CUST1684,Pune,Silver,56plus
CUST1685,Jaipur,Silver,18-25
CUST1686,Kochi,Gold,26-35
CUST1687,Surat,Platinum,36-45
CUST1688,Indore,Silver,46-55
CUST1689,Patna,Silver,56plus
CUST1690,Delhi,Gold,18-25
CUST1691,Mumbai,Platinum,26-35
CUST1692,Chennai,Silver,36-45
CUST1693,Kolkata,Silver,46-55
CUST1694,Pune,Gold,56plus
CUST1695,Jaipur,Platinum,18-25
CUST1696,Kochi,Silver,26-35
CUST1697,Surat,Silver,36-45
CUST1698,Indore,Gold,46-55
CUST1699,Patna,Platinum,56plus
CUST1700,Delhi,Silver,18-25
CUST1701,Mumbai,Silver,26-35
CUST1702,Chennai,Gold,36-45
CUST1703,Kolkata,Platinum,46-55
CUST1704,Pune,Silver,56plus
CUST1705,Jaipur,Silver,18-25
CUST1706,Kochi,Gold,26-35
CUST1707,Surat,Platinum,36-45
CUST1708,Indore,Silver,46-55
CUST1709,Patna,Silver,56plus
CUST1710,Delhi,Gold,18-25
CUST1711,Mumbai,Platinum,26-35
CUST1712,Chennai,Silver,36-45
CUST1713,Kolkata,Silver,46-55
CUST1714,Pune,Gold,56plus
CUST1715,Jaipur,Platinum,18-25
CUST1716,Kochi,Silver,26-35
CUST1717,Surat,Silver,36-45
CUST1718,Indore,Gold,46-55
CUST1719,Patna,Platinum,56plus
CUST1720,Delhi,Silver,18-25
CUST1721,Mumbai,Silver,26-35
CUST1722,Chennai,Gold,36-45
CUST1723,Kolkata,Platinum,46-55
CUST1724,Pune,Silver,56plus
CUST1725,Jaipur,Silver,18-25
CUST1726,Kochi,Gold,26-35
CUST1727,Surat,Platinum,36-45
CUST1728,Indore,Silver,46-55
CUST1729,Patna,Silver,56plus
CUST1730,Delhi,Gold,18-25
CUST1731,Mumbai,Platinum,26-35
CUST1732,Chennai,Silver,36-45
CUST1733,Kolkata,Silver,46-55
CUST1734,Pune,Gold,56plus
CUST1735,Jaipur,Platinum,18-25
CUST1736,Kochi,Silver,26-35
CUST1737,Surat,Silver,36-45
CUST1738,Indore,Gold,46-55
CUST1739,Patna,Platinum,56plus
CUST1740,Delhi,Silver,18-25
CUST1741,Mumbai,Silver,26-35
CUST1742,Chennai,Gold,36-45
CUST1743,Kolkata,Platinum,46-55
CUST1744,Pune,Silver,56plus
CUST1745,Jaipur,Silver,18-25
CUST1746,Kochi,Gold,26-35
CUST1747,Surat,Platinum,36-45
CUST1748,Indore,Silver,46-55
CUST1749,Patna,Silver,56plus
CUST1750,Delhi,Gold,18-25
CUST1751,Mumbai,Platinum,26-35
CUST1752,Chennai,Silver,36-45
CUST1753,Kolkata,Silver,46-55
CUST1754,Pune,Gold,56plus
CUST1755,Jaipur,Platinum,18-25
CUST1756,Kochi,Silver,26-35
CUST1757,Surat,Silver,36-45
CUST1758,Indore,Gold,46-55
CUST1759,Patna,Platinum,56plus
CUST1760,Delhi,Silver,18-25
CUST1761,Mumbai,Silver,26-35
CUST1762,Chennai,Gold,36-45
CUST1763,Kolkata,Platinum,46-55
CUST1764,Pune,Silver,56plus
CUST1765,Jaipur,Silver,18-25
CUST1766,Kochi,Gold,26-35
CUST1767,Surat,Platinum,36-45
CUST1768,Indore,Silver,46-55
CUST1769,Patna,Silver,56plus
CUST1770,Delhi,Gold,18-25
CUST1771,Mumbai,Platinum,26-35
CUST1772,Chennai,Silver,36-45
CUST1773,Kolkata,Silver,46-55
CUST1774,Pune,Gold,56plus
CUST1775,Jaipur,Platinum,18-25
CUST1776,Kochi,Silver,26-35
CUST1777,Surat,Silver,36-45
CUST1778,Indore,Gold,46-55
CUST1779,Patna,Platinum,56plus
CUST1780,Delhi,Silver,18-25
CUST1781,Mumbai,Silver,26-35
CUST1782,Chennai,Gold,36-45
CUST1783,Kolkata,Platinum,46-55
CUST1784,Pune,Silver,56plus
CUST1785,Jaipur,Silver,18-25
CUST1786,Kochi,Gold,26-35
CUST1787,Surat,Platinum,36-45
CUST1788,Indore,Silver,46-55
CUST1789,Patna,Silver,56plus
CUST1790,Delhi,Gold,18-25
CUST1791,Mumbai,Platinum,26-35
CUST1792,Chennai,Silver,36-45
CUST1793,Kolkata,Silver,46-55
CUST1794,Pune,Gold,56plus
CUST1795,Jaipur,Platinum,18-25
CUST1796,Kochi,Silver,26-35
CUST1797,Surat,Silver,36-45
CUST1798,Indore,Gold,46-55
CUST1799,Patna,Platinum,56plus
CUST1800,Delhi,Silver,18-25
CUST1801,Mumbai,Silver,26-35
CUST1802,Chennai,Gold,36-45
CUST1803,Kolkata,Platinum,46-55
CUST1804,Pune,Silver,56plus
CUST1805,Jaipur,Silver,18-25
CUST1806,Kochi,Gold,26-35
CUST1807,Surat,Platinum,36-45
CUST1808,Indore,Silver,46-55
CUST1809,Patna,Silver,56plus
CUST1810,Delhi,Gold,18-25
CUST1811,Mumbai,Platinum,26-35
CUST1812,Chennai,Silver,36-45
CUST1813,Kolkata,Silver,46-55
CUST1814,Pune,Gold,56plus
CUST1815,Jaipur,Platinum,18-25
CUST1816,Kochi,Silver,26-35
CUST1817,Surat,Silver,36-45
CUST1818,Indore,Gold,46-55
CUST1819,Patna,Platinum,56plus
CUST1820,Delhi,Silver,18-25
CUST1821,Mumbai,Silver,26-35
CUST1822,Chennai,Gold,36-45
CUST1823,Kolkata,Platinum,46-55
CUST1824,Pune,Silver,56plus
CUST1825,Jaipur,Silver,18-25
CUST1826,Kochi,Gold,26-35
CUST1827,Surat,Platinum,36-45
CUST1828,Indore,Silver,46-55
CUST1829,Patna,Silver,56plus
CUST1830,Delhi,Gold,18-25
CUST1831,Mumbai,Platinum,26-35
CUST1832,Chennai,Silver,36-45
CUST1833,Kolkata,Silver,46-55
CUST1834,Pune,Gold,56plus
CUST1835,Jaipur,Platinum,18-25
CUST1836,Kochi,Silver,26-35
CUST1837,Surat,Silver,36-45
CUST1838,Indore,Gold,46-55
CUST1839,Patna,Platinum,56plus
CUST1840,Delhi,Silver,18-25
CUST1841,Mumbai,Silver,26-35
CUST1842,Chennai,Gold,36-45
CUST1843,Kolkata,Platinum,46-55
CUST1844,Pune,Silver,56plus
CUST1845,Jaipur,Silver,18-25
CUST1846,Kochi,Gold,26-35
CUST1847,Surat,Platinum,36-45
CUST1848,Indore,Silver,46-55
CUST1849,Patna,Silver,56plus
CUST1850,Delhi,Gold,18-25
CUST1851,Mumbai,Platinum,26-35
CUST1852,Chennai,Silver,36-45
CUST1853,Kolkata,Silver,46-55
CUST1854,Pune,Gold,56plus
CUST1855,Jaipur,Platinum,18-25
CUST1856,Kochi,Silver,26-35
CUST1857,Surat,Silver,36-45
CUST1858,Indore,Gold,46-55
CUST1859,Patna,Platinum,56plus
CUST1860,Delhi,Silver,18-25
CUST1861,Mumbai,Silver,26-35
CUST1862,Chennai,Gold,36-45
CUST1863,Kolkata,Platinum,46-55
CUST1864,Pune,Silver,56plus
CUST1865,Jaipur,Silver,18-25
CUST1866,Kochi,Gold,26-35
CUST1867,Surat,Platinum,36-45
CUST1868,Indore,Silver,46-55
CUST1869,Patna,Silver,56plus
CUST1870,Delhi,Gold,18-25
CUST1871,Mumbai,Platinum,26-35
CUST1872,Chennai,Silver,36-45
CUST1873,Kolkata,Silver,46-55
CUST1874,Pune,Gold,56plus
CUST1875,Jaipur,Platinum,18-25
CUST1876,Kochi,Silver,26-35
CUST1877,Surat,Silver,36-45
CUST1878,Indore,Gold,46-55
CUST1879,Patna,Platinum,56plus
CUST1880,Delhi,Silver,18-25
CUST1881,Mumbai,Silver,26-35
CUST1882,Chennai,Gold,36-45
CUST1883,Kolkata,Platinum,46-55
CUST1884,Pune,Silver,56plus
CUST1885,Jaipur,Silver,18-25
CUST1886,Kochi,Gold,26-35
CUST1887,Surat,Platinum,36-45
CUST1888,Indore,Silver,46-55
CUST1889,Patna,Silver,56plus
CUST1890,Delhi,Gold,18-25
CUST1891,Mumbai,Platinum,26-35
CUST1892,Chennai,Silver,36-45
CUST1893,Kolkata,Silver,46-55
CUST1894,Pune,Gold,56plus
CUST1895,Jaipur,Platinum,18-25
CUST1896,Kochi,Silver,26-35
CUST1897,Surat,Silver,36-45
CUST1898,Indore,Gold,46-55
CUST1899,Patna,Platinum,56plus
CUST1900,Delhi,Silver,18-25
CUST1901,Mumbai,Silver,26-35
CUST1902,Chennai,Gold,36-45
CUST1903,Kolkata,Platinum,46-55
CUST1904,Pune,Silver,56plus
CUST1905,Jaipur,Silver,18-25
CUST1906,Kochi,Gold,26-35
CUST1907,Surat,Platinum,36-45
CUST1908,Indore,Silver,46-55
CUST1909,Patna,Silver,56plus
CUST1910,Delhi,Gold,18-25
CUST1911,Mumbai,Platinum,26-35
CUST1912,Chennai,Silver,36-45
CUST1913,Kolkata,Silver,46-55
CUST1914,Pune,Gold,56plus
CUST1915,Jaipur,Platinum,18-25
CUST1916,Kochi,Silver,26-35
CUST1917,Surat,Silver,36-45
CUST1918,Indore,Gold,46-55
CUST1919,Patna,Platinum,56plus
CUST1920,Delhi,Silver,18-25
CUST1921,Mumbai,Silver,26-35
CUST1922,Chennai,Gold,36-45
CUST1923,Kolkata,Platinum,46-55
CUST1924,Pune,Silver,56plus
CUST1925,Jaipur,Silver,18-25
CUST1926,Kochi,Gold,26-35
CUST1927,Surat,Platinum,36-45
CUST1928,Indore,Silver,46-55
CUST1929,Patna,Silver,56plus
CUST1930,Delhi,Gold,18-25
CUST1931,Mumbai,Platinum,26-35
CUST1932,Chennai,Silver,36-45
CUST1933,Kolkata,Silver,46-55
CUST1934,Pune,Gold,56plus
CUST1935,Jaipur,Platinum,18-25
CUST1936,Kochi,Silver,26-35
CUST1937,Surat,Silver,36-45
CUST1938,Indore,Gold,46-55
CUST1939,Patna,Platinum,56plus
CUST1940,Delhi,Silver,18-25
CUST1941,Mumbai,Silver,26-35
CUST1942,Chennai,Gold,36-45
CUST1943,Kolkata,Platinum,46-55
CUST1944,Pune,Silver,56plus
CUST1945,Jaipur,Silver,18-25
CUST1946,Kochi,Gold,26-35
CUST1947,Surat,Platinum,36-45
CUST1948,Indore,Silver,46-55
CUST1949,Patna,Silver,56plus
CUST1950,Delhi,Gold,18-25
CUST1951,Mumbai,Platinum,26-35
CUST1952,Chennai,Silver,36-45
CUST1953,Kolkata,Silver,46-55
CUST1954,Pune,Gold,56plus
CUST1955,Jaipur,Platinum,18-25
CUST1956,Kochi,Silver,26-35
CUST1957,Surat,Silver,36-45
CUST1958,Indore,Gold,46-55
CUST1959,Patna,Platinum,56plus
CUST1960,Delhi,Silver,18-25
CUST1961,Mumbai,Silver,26-35
CUST1962,Chennai,Gold,36-45
CUST1963,Kolkata,Platinum,46-55
CUST1964,Pune,Silver,56plus
CUST1965,Jaipur,Silver,18-25
CUST1966,Kochi,Gold,26-35
CUST1967,Surat,Platinum,36-45
CUST1968,Indore,Silver,46-55
CUST1969,Patna,Silver,56plus
CUST1970,Delhi,Gold,18-25
CUST1971,Mumbai,Platinum,26-35
CUST1972,Chennai,Silver,36-45
CUST1973,Kolkata,Silver,46-55
CUST1974,Pune,Gold,56plus
CUST1975,Jaipur,Platinum,18-25
CUST1976,Kochi,Silver,26-35
CUST1977,Surat,Silver,36-45
CUST1978,Indore,Gold,46-55
CUST1979,Patna,Platinum,56plus
CUST1980,Delhi,Silver,18-25
CUST1981,Mumbai,Silver,26-35
CUST1982,Chennai,Gold,36-45
CUST1983,Kolkata,Platinum,46-55
CUST1984,Pune,Silver,56plus
CUST1985,Jaipur,Silver,18-25
CUST1986,Kochi,Gold,26-35
CUST1987,Surat,Platinum,36-45
CUST1988,Indore,Silver,46-55
CUST1989,Patna,Silver,56plus
CUST1990,Delhi,Gold,18-25
CUST1991,Mumbai,Platinum,26-35
CUST1992,Chennai,Silver,36-45
CUST1993,Kolkata,Silver,46-55
CUST1994,Pune,Gold,56plus
CUST1995,Jaipur,Platinum,18-25
CUST1996,Kochi,Silver,26-35
CUST1997,Surat,Silver,36-45
CUST1998,Indore,Gold,46-55
CUST1999,Patna,Platinum,56plus
